claim_id,exact_claim,evidence_type,query_or_record_reference,verification_state,limitation,next_evidence_needed
C01,The sensor is a custom Python asyncssh SSH honeypot with an emulated shell; it accepts every password and public key after a 1-3 s delay and logs no failed authentications.,observed,the-honeypots/honeypot/server.py,code read 2026-09-26,Repo code at commit adc8fd7; the deployed build was not diffed against it,"Hash of the deployed package, if still available"
C02,Commands are never executed; wget and curl are emulated (about 7.3 s fake screen) and nothing is downloaded; scp is not implemented by the emulated shell.,observed,"shell.py _dispatch, _fake_malware_injection",code read,Every fetch/stage/execute in this pack is an attempted command,None
C03,"Chained lines are logged per part and again as the whole line; 49,441 whole-line echoes are collapsed out of 454,168 command events (operator sessions excluded).",observed,shell.py; hp_lib.rebuild / parent_flags; results/core_counts.json,code read + computed,Collapse relies on the preceding parts matching the split,Hand check of 20 random chained sessions
C04,"Source of truth is the SQLite snapshot; events.jsonl matches it by event type up to the snapshot cutoff (difference 0 for every type) and its 1,463 later events are excluded.",observed,queries/01_sources_and_counts.py; results/core_counts.json,cross-checked by type,Not a record-by-record hash comparison,None
C05,"Window: 2026-04-27T23:09:48Z to 2026-09-26T14:24:07Z, 153 calendar days inclusive (151.63 elapsed days), same cutoff as v1.",observed,results/core_counts.json,computed,None,None
O01,"Excluding the four operator addresses removed 107 sessions and 739 events (390 command, 107 connect, 107 enrichment, 83 disconnect, 52 easter_egg); 77 of the removed sessions had command events.",observed,queries/01_sources_and_counts.py; results/core_counts.json removed_*,computed,Addresses from the private operator list; list completeness is the operator's call,Operator confirmation of the six look-alike sources (O02)
O02,Six other sources show operator-like signals (lure exploration or test domains); none started within 30 minutes of an operator session or shares an operator ASN/ISP. They are listed privately and NOT excluded.,inferred,queries/13_operator_lookalikes.py; results/operator_lookalikes_summary.json (pseudonyms only),heuristic screen,Signals are weak; attackers also explore lures,Operator confirmation
C06,"After exclusion: 141,186 sessions from 6,613 source IPs; 69,979 sessions logged at least one command; 71,207 logged none.",observed,results/core_counts.json; results/classification.json,computed,None,None
C08,"Session classes (hunt.yml recon), denominator 69,979 sessions with commands: none of the above 63,619 (90.91%); non-download delivery 4,174 (5.96%); recon only 1,344 (1.92%); recon then fetch 712 (1.02%); fetch with no recon 130 (0.19%); fetch then recon 0 (0.00%).",observed,queries/02_classify_sessions.py; results/classification.json,computed,Text-pattern definitions (hp_lib.py),Independent re-labelling of a random sample
C08b,"Fetch-then-recon drops to 0 once operator sessions are excluded (v1 held 1 session, the operator's own test).",observed,results/classification.json classes_hunt_recon.fetch_then_recon,computed,None,None
C09,"63,364 of the 63,619 none-of-the-above sessions sent only the echo probe that prints 'ok'.",observed,queries/00b_line_shapes.py; results/counterexample_picks.md,computed,Shape match,None
C10,"With the broader recon set: recon then fetch 712, recon only 1,358, fetch then recon 0.",observed,results/classification.json classes_broad_recon,computed,Broad set is the analyst's choice,None
C11,"Of the 842 sessions that attempted a download utility, 712 (84.56%) ran hunt-list recon first and 130 (15.44%) never ran recon.",observed,results/classification.json,computed,Fetch definition in hp_lib.is_fetch plus text fallback,None
C12,Recon-then-fetch: 712 sessions from 13 sources; the three largest shapes cover 687 sessions (96.49%) from 4 sources.,observed,results/class_sources.json; results/shape_sources_recon_then_fetch.txt,computed,Source = IP address,Infrastructure clustering if attribution matters
C13,"Recon-then-fetch timing (s), n=712: login to first recon 0.09/0.31/0.43/19.62 (min/median/p90/max); first recon to first fetch 0.00/0.00/0.29/326.78; login to first fetch 0.23/0.39/0.73/333.49. 689 of 712 sent recon and fetch in one exec request; 711 of 712 fetched within 300 s of first recon.",observed,results/classification.json; results/class_sources.json recon_then_fetch_gap_le_seconds,computed,Emulation-completion timestamps,Process telemetry with real exec times
C14,Recon-then-fetch shows 16 distinct command-base sequences and 18 distinct transcripts after URLs/IPs are abstracted.,observed,results/classification.json,computed,None,None
C15,319 of 712 recon-then-fetch sessions (44.80%) ran exactly one hunt-list recon command before the first fetch; 381 ran four.,observed,results/classification.json distinct_hunt_recon_commands_before_first_fetch,computed,Distinct command names,None
C16,"4,174 sessions (632 sources) staged content without a download utility: stdin to file 4,117, scp sink 54, /dev/tcp 2, base64 decode 1; 4,069 of them ran hunt-list recon.",observed,results/class_sources.json; results/classification.json,computed,stdin/scp payload bytes not captured,File and process telemetry
C17,The dominant stdin family's behaviour was altered by the sensor: the emulated shell splits '; ' inside quotes and the bot used the returned error text as a directory.,observed,samples/counterexamples.md 4a,manual review of sample,Later commands partly reflect sensor output,None
C18,"Mirai-style busybox loader: resembles, 27 sessions from 6 sources; 26 of 27 ran no recon.",observed,queries/03_variations.py; results/variations.json,computed,Shape resemblance only,Payload hashes (not captured)
C19,"XorDDoS-style curl dropper: resembles, 381 sessions from 2 sources, all recon then fetch.",observed,results/variations.json,computed,Resemblance only,None
C20,"Outlaw-style miner/scanner: not observed as described; partial markers only (2 'mdrfckr' key-implant sessions; 2,966 sessions from 510 sources with a stdin-delivered SSH-scanner persistence line).",observed,results/variations.json,computed,Keyword markers,Outbound network telemetry
C21,ShellBot curl | perl: not observed (0 sessions).,observed,results/variations.json,computed,None,None
C22,"Fileless curl | sh: resembles, 373 sessions from 10 sources (312 recon then fetch, 61 fetch no recon); 3 more use sh -c ""$(curl ...)"".",observed,results/variations.json,computed,Shape only,None
C23,"research.yml, hunt.yml and analyst.yml parse with 0 errors in sigma-cli 3.1.0 / pySigma 1.5.1; hunt.yml has one FilenameLengthIssue; the proposed correlation checks clean with the two base rules.",observed,queries/05_sigma_check.sh; results/sigma_check.txt,schema-checked,Lint only,Backend conversion test
C24,"Approximated on transcripts (denominator 69,979): Research matches 69,979 (100%), Hunt 6,125 (8.75%), Analyst 845 (1.21%).",simulated,queries/06_rule_approximation.py; results/rule_approximation.json,rule logic approximated on honeypot command transcripts,ParentImage untestable; no benign baseline,Run on auditd/Sysmon data from production SSH hosts
C25,analyst.yml has no recon condition: 130 of its 845 matching sessions (15.38%) had no recon; 3 had no remote-looking target.,simulated,results/rule_approximation.json,rule logic approximated on honeypot command transcripts,As C24,As C24
C26,"filter_pkg removed 0 fetch events, but its substring match can be triggered by attacker-controlled URL text.",inferred,rules_under_test/analyst.yml; results/rule_approximation.json,not tested against an evasion sample,Not observed,Lab emulation
C26b,"72 sessions used a busybox fetch (72 events); each also tried plain wget/curl, so no session was lost by the Image=/bin/busybox gap.",observed,results/rule_approximation.json analyst.sessions_with_busybox_fetch,rule logic approximated on honeypot command transcripts,As C24,None
C27,"Proposed temporal_ordered correlation (hunt then analyst, 5 m) matches 712 of 69,979 sessions (1.02%): all 712 recon-then-fetch sessions and nothing else; it misses the 130 fetch-no-recon and 4,174 non-download-delivery sessions.",proposed,proposed/ssh_recon_then_fetch_correlation.yml; results/rule_approximation.json,schema-checked; rule logic approximated on honeypot command transcripts,Group-by needs backend mapping,Backend test on real telemetry
C28,"Sibling (recon then fetch, cat > file, scp -t or chmod +x within 5 m) matches 4,782 of 69,979 sessions (6.83%).",proposed,results/rule_approximation.json,rule logic approximated on honeypot command transcripts,chmod +x is common admin activity,Baseline on production hosts
C29,Upstream validator (detection-chokepoints @ 7c5c119) passes a copy of the YAML except EmulationScript.File (carried from v1; rules and YAML unchanged).,observed,queries/08_upstream_validate.sh; results/upstream_validate.txt,schema-checked (v1 run),Placeholders not flagged,Replace RawLogs and add the emulation file
C30,"The five raw-log candidates are honeypot JSON event records, not auditd or Sysmon; none comes from an operator session.",observed,samples/rawlogs_candidates.md; results/rawlog_candidates.txt,extracted and sanitised,Sanitised,None
C32,Recon-then-fetch works better as a hunt pattern and correlation than as a chokepoint.,inferred,"C11, C16, C27",analyst judgement,Bots only; lure shapes population,"Second, differently lured sensor"
B01,"The threat-intel report's population reproduces exactly with operator addresses excluded and started_at <= 2026-09-21T16:22:36.386337Z: 136,113 sessions, 6,145 IPs, 69,440 sessions with commands, 414,083 total commands.",observed,queries/21_audit_probes.py; results/published_counts_probes.json,reproduced exactly,Method inferred from exact reproduction; the generator script is not on disk,The original generator script
B02,"The published 414,083 'total commands' is SUM(sessions.command_count) including whole-line echoes; collapsed it is 370,448 atomic commands (304,086 submitted lines), an inflation of 43,635 (10.5% of 414,083).",observed,queries/20_published_counts_audit.py; results/published_counts_audit.json population,reproduced exactly + computed,As B01,None
B03,"Top-commands rank 7 ('cd /dev/shm || ... && cat > astats', 10,218) is itself a whole-line echo; collapsed it is 0. Ranks 1-6 and 8-10 are unaffected.",observed,results/published_counts_audit.json top_commands,reproduced exactly + computed,None,None
B04,"'chmod +x w.sh 3,637' and 'systemd unit writes 3,590' (a session count) are not inflated; '2b0e14c1 ran 44 commands' is not inflated.",observed,results/published_counts_audit.json,reproduced exactly,None,None
B05,"'crontab manipulation 3,605' could not be reproduced by any definition tried; 3,605 equals the number of CRON= echo entries, which may be coincidence.",observed,"results/published_counts_audit.json crontab_candidates, dashboard_first_word_top15",not reproducible,Method not recorded,The original query
B06,"'3,470 sessions ran the 93-command script' could not be reproduced (3,208 sessions with command_count = 93 in the window); the script is 81 commands once echoes are collapsed (+12 per session).",observed,results/published_counts_audit.json miner_93; results/published_counts_probes.json,partly reproduced,Session count method unknown,The original query
B07,"The published MITRE table counts sessions per technique; tags are deduplicated per session, so 16 of 17 rows are unaffected; T1548.003 falls from 29 to 28 after collapse. Per-event tag counts would be inflated (e.g. T1222.002 12,112 raw vs 4,581 collapsed).",observed,results/published_counts_audit.json mitre; honeypot/session.py add_command,reproduced exactly + computed,None,None
B08,"The dashboard's 'commands' stat and first-word command chart use the same echo-inflated data (e.g. 'cd' 28,063 raw vs 14,167 collapsed in the report window); its MITRE chart counts sessions.",observed,"honeypot/db.py stats, command_frequency, mitre_frequency; results/published_counts_audit.json dashboard_first_word_top15",code read + computed,Published dashboard values are not on disk to compare,Screenshot or export of the published dashboard
B09,The report says the SSH server was built on Paramiko; the sensor code uses asyncssh.,observed,honeypot/server.py imports,code read,None,None
L01,"5,224 of 69,979 sessions with commands (7.47%) have at least one stage, in-memory, execute or execute-like event; 364 more had only short-literal write probes and are not classified.",observed,queries/30_land_and_run.py; results/land_and_run.json,computed,Text rules in hp_lib.land_run_events,Real host telemetry
L02,"Land-and-run classes (denominator 5,224): staged then executed 4,703 (90.03%, 619 sources); in-memory 190 (3.64%, 10); staged never executed 124 (2.37%, 68); executed no staging 3 (0.06%, 2); execute-like nothing new 204 (3.91%, 127).",observed,results/land_and_run.json classes,computed,'Executed' means attempted; name matching can miss archives and variables,"auditd execve + file create, or Sysmon EID 1 + 11"
L03,"Of the 4,703 staged-then-executed sessions, 4,055 (86.22%) only reference the staged file through a cron line and 648 (13.78%) run it directly in the session.",observed,results/land_and_run.json staged_then_executed.link_kind,computed,Cron never fires on this sensor,Cron/systemd execution logs on a real host
L04,"Stage-to-execute time (s): any link n=4,703 min 0.00 / median 15.55 / p90 18.38 / max 125.67; direct run only n=648 0.00 / 0.00 / 0.11 / 14.81.",observed,results/land_and_run.json,computed,Emulation-completion timestamps,Real exec times
L05,"A same-session stage-then-execute correlation would catch 4,703 of 4,703 within 5 minutes and within 15 minutes (648 of 648 if only direct runs count as executes).",simulated,results/land_and_run.json same_session_correlation_*,logic approximated on honeypot command transcripts,Cron-launched runs would be outside the session on a real host,Real telemetry
L06,"Of the 4,117 cat > file sessions, 0 run the written file directly, 4,055 reference it only through a cron line, 62 have no linked execute.",observed,results/land_and_run.json stdin_to_file_sessions_4117,computed,systemd unit body not captured,Real telemetry
L07,"Of 124 staged-never-executed sessions, 4 had the same name executed by the same source within 24 h; 2 were followed within 5 minutes by any execute-type event from the same source.",observed,results/land_and_run.json,computed,Heuristic cross-session link,Real telemetry
L08,"Stage and execute can be split across SSH connections: src-5063 pushed with scp -t and ran the payload 3 s later in a new connection, twice; 2 of the 3 executed-no-staging sessions have a same-source stage within 5 minutes.",observed,samples/land_and_run_examples.md 4a-4b; results/land_and_run.json cross_session_5min_any_name,manual review + computed,Small n,Real telemetry
L09,"190 in-memory sessions (10 sources) never create a file: curl/wget piped to sh/bash, base64 piped to bash, or bash reading stdin.",observed,results/land_and_run.json; results/land_run_sessions.csv,computed,None,Process lineage telemetry
L10,"82 of the 4,703 staged-then-executed sessions ran no hunt-list recon.",observed,results/land_and_run.json hunt_recon_presence_by_class,computed,None,None
L11,"'Stage, then execute' (4,703, or 4,893 with in-memory: 93.66% of 5,224) describes this data better than recon-then-fetch (712), but as a detection it must join on the file, not the SSH session.",inferred,"L02, L03, L08, L09",analyst judgement,Emulated sensor; nothing ran,auditd/Sysmon on real or high-interaction hosts
R3-01,"The YAML-driven approximation reproduces the v2 hardcoded draft results exactly: research 69,979 / hunt 6,125 / analyst 845 sessions and 942,292 / 15,623 / 2,297 events.",simulated,queries/06_rule_approximation.py (HP_RULE_SET=draft); results/rule_approximation_draft.json; results/rule_approximation.json,rule logic approximated on honeypot command transcripts,Evaluator supports only the modifiers these rules use,None
R3-02,"Final hunt.yml matches 6,161 of 69,979 sessions with commands (8.80%) and 16,578 events: +36 sessions (34 via nproc/free, all non-download-delivery; 2 via grep of cpuinfo/meminfo) and +955 events versus the draft.",simulated,queries/06_rule_approximation.py (final); queries/42_rule_diff.py; results/rule_diff_draft_vs_final.json,rule logic approximated on honeypot command transcripts,ParentImage assumed; no benign baseline,Process telemetry from production hosts
R3-03,"Final analyst.yml matches 845 of 69,979 sessions (1.21%), unchanged, and 2,554 events (+257: 185 scp-client pulls, 72 busybox wget/tftp), all in sessions the draft already matched.",simulated,results/rule_approximation_final.json; results/rule_diff_draft_vs_final.json,rule logic approximated on honeypot command transcripts,As R3-02,As R3-02
R3-04,"Final research.yml matches 69,979 of 69,979 sessions and 942,292 events, identical to the draft.",simulated,results/rule_approximation_final.json,rule logic approximated on honeypot command transcripts,100% by construction,None
R3-05,"The final recon-then-fetch correlation matches 712 of 69,979 sessions (1.02%), all recon then fetch, the same as the draft; grouping approximated as Computer (one constant host) + LogonId (= session_id). The final file's group-by lists only LogonId.",simulated,results/rule_approximation_final.json; review-round-3/rules/revised/ssh_recon_then_fetch_correlation.yml,rule logic approximated on honeypot command transcripts,"One host, so Computer is untested",Multi-host backend test
R3-06,"In the one recon-then-fetch session whose first targeted download came 326.78 s after the first recon (c51478eb-...), the correlation paired lscpu (+6.71 s) with a curl that had no URL (+255.93 s), a gap of 249.21 s; no later recon exists. The 711 and 712 figures use different download definitions; neither count is wrong.",observed,queries/41_correlation_edge_case.py; results/correlation_edge_case.json; samples/correlation_edge_case.md,computed + manual review,Single session,None
R3-07,"None of the three land-and-run rules can be match-counted on this sensor (no file or process events). A command-text approximation of the hunt rule's command-line-visible selections finds text in 392 of 69,979 sessions (391 staged-then-executed, 1 executed-no-staging); it cannot see ./x after cd or cron-launched runs.",simulated,queries/43_land_run_text_approx.py; results/land_run_text_approx.json,"command-text approximation, not a rule match count","3,831 sessions with a ./ command word and a cd to a staging dir are unresolved",auditd/Sysmon file and process telemetry
R3-08,"The sessions row, session_id and connect event are created inside the accepted-credential callback (_accept_auth), after the 1-3 s delay and before auth success is sent; not on TCP connect and not on channel open. TCP connections and channel opens are not recorded.",observed,"the-honeypots@adc8fd7 honeypot/server.py _accept_auth, connection_made; logger.py log_connect; db.py upsert_session",code read,Deployed build not diffed against the repo,Hash of deployed package
R3-09,"asyncssh (2.14.0 source) calls the server's validate_public_key for key probes as well as signed requests, before signature verification, so each offered-and-accepted public key creates a session row even if the client never signs; on disconnect asyncssh cancels an in-progress auth coroutine, so connections abandoned during the delay create no row.",observed,"asyncssh 2.14.0 connection.py validate_public_key and _cleanup, auth.py _ServerPublicKeyAuth and Auth.cancel",library source read,Deployed asyncssh version not recorded (requirement >= 2.14.0),Deployed asyncssh version
R3-10,"Session rows: 141,186; connect events 141,186 (one per row); rows with a disconnect event 141,149; rows without 37 (33 public-key probe orphans, 4 with commands); rows abandoned during the auth delay 0; 330 rows (0.23% of 141,186) accepted an empty password.",observed,queries/40_auth_session_semantics.py; results/auth_session_semantics.json,computed,None,None
R3-11,"Channel opens are not logged; at least 69,979 of 141,186 sessions (49.57%) opened a channel (exec label or a command); 71,207 (50.43%) show no evidence of a channel, which includes interactive shells where nothing was typed.",observed,results/auth_session_semantics.json,computed (lower bound),Interactive shell with no command is indistinguishable from no channel,A channel-open event in the sensor
R3-12,"The 286 'pubkey' sessions (308 in v1 with operator sessions) are accepted public-key offers, not completed authentications: 66 rows sit in 33 connections with the probe-then-signed-request pattern, 220 are the only row of their connection (probe-only or direct signed request, indistinguishable), and 11 ran commands.",observed,results/auth_session_semantics.json; asyncssh source,computed + library source read,Derived connections use ip+port within 60 s,Auth-success logging in the sensor
R3-13,"Derived connections (same source IP and port, sessions within 60 s): 141,117; 141,053 have one session row, 63 have two, 1 has seven; 31 of the 64 multi-row groups are not explained by the key-probe pattern and are most likely source-port reuse.",inferred,results/auth_session_semantics.json,heuristic,TCP connections are not recorded,TCP connection logging
R3-14,"Upstream validate_schema.py at 7c5c119 on copies of the revised entries, with rule and emulation files at their paths: recon-burst 5 errors (3x Validation.TestedOn required because State is not 'Not yet recorded'; 2x ExpectedFPRate 'Unknown'), land-and-run 2 errors (ExpectedFPRate 'Unknown'). No error for the removed EvolutionTimeline or free-text FirstSeen.",observed,queries/44_upstream_validate_v3.sh; results/upstream_validate_v3.txt,schema-checked,Validator commit 7c5c119 only,Rerun on the upstream commit current at PR time
R3-15,"With State: Not yet recorded (recon-burst) and ExpectedFPRate 'Low-High (not measured: no benign baseline)' (both) applied to scratch copies, both entries pass the upstream validator.",observed,queries/47_validate_proposed_fixes.sh; results/upstream_validate_v3_proposed_fixes.txt,schema-checked on scratch copies,Operator's files not edited,Operator applies the fixes
R3-16,"sigma-cli 3.1.0 finds 0 errors and 0 condition errors in the final revised and land-and-run rule sets (one FilenameLengthIssue each); the attacktag, d3_fendtag and namespace_tag validators were not run (online data unavailable).",observed,queries/46_sigma_check_final.sh; results/sigma_check_final.txt,schema-checked,Tag validators not run,Run tag validators with network access
R3-17,"Raw JSON event records replace the two rendered land-and-run RawLogs samples: events.id 9422 (then cat > ""w.sh"", part) and 9428 (whole-line echo) in session 8596ef87-..., and events.id 786044 (perl /tmp/solid.pl ...) in session 81442679-....",observed,queries/07_rawlog_candidates.py; results/rawlog_candidates_v3_land_and_run.txt; samples/rawlogs_candidates.md,extracted and sanitised,Sanitised; stdin content not captured,None
